N,strategy,threads,time_seconds,file
1000,sequential,0,5.81879,data/output_1000_sequential.txt
1000,parallel_threads,1,5.56886,data/output_1000_threads1.txt
1000,parallel_threads,2,2.84672,data/output_1000_threads2.txt
1000,parallel_threads,4,1.64422,data/output_1000_threads4.txt
1000,parallel_threads,8,1.39978,data/output_1000_threads8.txt
100,sequential,0,0.00494579,data/output_100_sequential.txt
100,parallel_threads,1,0.00514783,data/output_100_threads1.txt
100,parallel_threads,2,0.002626,data/output_100_threads2.txt
100,parallel_threads,4,0.00137771,data/output_100_threads4.txt
100,parallel_threads,8,0.00154883,data/output_100_threads8.txt
1500,sequential,0,21.2798,data/output_1500_sequential.txt
1500,parallel_threads,1,21.4731,data/output_1500_threads1.txt
1500,parallel_threads,2,10.6809,data/output_1500_threads2.txt
1500,parallel_threads,4,5.79781,data/output_1500_threads4.txt
1500,parallel_threads,8,5.47223,data/output_1500_threads8.txt
250,sequential,0,0.0805817,data/output_250_sequential.txt
250,parallel_threads,1,0.0806626,data/output_250_threads1.txt
250,parallel_threads,2,0.0416811,data/output_250_threads2.txt
250,parallel_threads,4,0.0227674,data/output_250_threads4.txt
250,parallel_threads,8,0.0214036,data/output_250_threads8.txt
500,sequential,0,0.665241,data/output_500_sequential.txt
500,parallel_threads,1,0.673242,data/output_500_threads1.txt
500,parallel_threads,2,0.351056,data/output_500_threads2.txt
500,parallel_threads,4,0.186103,data/output_500_threads4.txt
500,parallel_threads,8,0.142052,data/output_500_threads8.txt
